{"cameraMode":{"drawMode":0,"name":"Shaded","section":"Shading Mode"},"sceneLighting":true,"audioPlay":false,"sceneViewState":{"showFog":true,"showMaterialUpdate":false,"showSkybox":true,"showFlares":true,"showImageEffects":true,"showParticleSystems":true},"in2DMode":false,"pivot":{"x":0.0,"y":1.179734230041504,"z":46.91022491455078},"rotation":{"x":0.016553325578570367,"y":-0.8873882293701172,"z":0.03195980563759804,"w":0.4596157371997833},"size":9.82949161529541,"orthographic":true}