{"cameraMode":{"drawMode":0,"name":"Shaded","section":"Shading Mode"},"sceneLighting":false,"audioPlay":false,"sceneViewState":{"showFog":true,"showMaterialUpdate":false,"showSkybox":false,"showFlares":true,"showImageEffects":true,"showParticleSystems":true},"in2DMode":false,"pivot":{"x":14.048443794250489,"y":0.9628188610076904,"z":0.12952333688735963},"rotation":{"x":0.14271101355552674,"y":0.5367299318313599,"z":-0.09268602728843689,"w":0.8264164328575134},"size":6.635723114013672,"orthographic":true}