{"cameraMode":{"drawMode":0,"name":"Shaded","section":"Shading Mode"},"sceneLighting":true,"audioPlay":false,"sceneViewState":{"showFog":true,"showMaterialUpdate":false,"showSkybox":true,"showFlares":true,"showImageEffects":true,"showParticleSystems":true},"in2DMode":false,"pivot":{"x":0.016342639923095704,"y":1.304408073425293,"z":-0.0000017881393432617188},"rotation":{"x":0.09733472764492035,"y":0.014928475953638554,"z":-0.0014601241564378143,"w":0.9951388239860535},"size":9.970848083496094,"orthographic":true}