{"cameraMode":{"drawMode":0,"name":"Shaded","section":"Shading Mode"},"sceneLighting":true,"audioPlay":false,"sceneViewState":{"showFog":true,"showMaterialUpdate":false,"showSkybox":true,"showFlares":true,"showImageEffects":true,"showParticleSystems":true},"in2DMode":false,"pivot":{"x":-13.56418228149414,"y":-5.297813892364502,"z":1.9097528457641602},"rotation":{"x":0.1612619012594223,"y":-0.019243454560637475,"z":0.00314508774317801,"w":0.9867202639579773},"size":44.601104736328128,"orthographic":true}