{"cameraMode":{"drawMode":0,"name":"Shaded","section":"Shading Mode"},"sceneLighting":false,"audioPlay":false,"sceneViewState":{"showFog":true,"showMaterialUpdate":false,"showSkybox":false,"showFlares":true,"showImageEffects":true,"showParticleSystems":true},"in2DMode":false,"pivot":{"x":-0.000003814697265625,"y":0.32699984312057497,"z":5.0},"rotation":{"x":0.1612619012594223,"y":-0.019243454560637475,"z":0.00314508774317801,"w":0.9867202639579773},"size":1.869056224822998,"orthographic":true}