{"cameraMode":{"drawMode":0,"name":"Shaded","section":"Shading Mode"},"sceneLighting":true,"audioPlay":false,"sceneViewState":{"showFog":true,"showMaterialUpdate":false,"showSkybox":true,"showFlares":true,"showImageEffects":true,"showParticleSystems":true},"in2DMode":false,"pivot":{"x":-4.8371734619140629,"y":17.118322372436525,"z":-2.451688766479492},"rotation":{"x":-0.04819921776652336,"y":-0.22575297951698304,"z":-0.011183909140527249,"w":0.9729273319244385},"size":23.004314422607423,"orthographic":false}